from_id,to_id,from_naptan,to_naptan,from_station,to_station,line_id,line,direction,line_direction,platform_direction
108,133,940GZZLUHAW,940GZZLUKEN,Harrow & Wealdstone,Kenton,1,Bakerloo,Inbound,SB,SB
133,221,940GZZLUKEN,940GZZLUSKT,Kenton,South Kenton,1,Bakerloo,Inbound,SB,SB
221,172,940GZZLUSKT,940GZZLUNWY,South Kenton,North Wembley,1,Bakerloo,Inbound,SB,SB
172,265,940GZZLUNWY,940GZZLUWYC,North Wembley,Wembley Central,1,Bakerloo,Inbound,SB,SB
265,233,940GZZLUWYC,940GZZLUSGP,Wembley Central,Stonebridge Park,1,Bakerloo,Inbound,SB,SB
233,107,940GZZLUSGP,940GZZLUHSN,Stonebridge Park,Harlesden,1,Bakerloo,Inbound,SB,SB
107,281,940GZZLUHSN,940GZZLUWJN,Harlesden,Willesden Junction,1,Bakerloo,Inbound,SB,SB
281,130,940GZZLUWJN,940GZZLUKSL,Willesden Junction,Kensal Green,1,Bakerloo,Inbound,SB,SB
136,151,940GZZLUKPK,940GZZLUMVL,Kilburn Park,Maida Vale,1,Bakerloo,Inbound,SB,SB
151,262,940GZZLUMVL,940GZZLUWKA,Maida Vale,Warwick Avenue,1,Bakerloo,Inbound,SB,SB
262,184,940GZZLUWKA,940GZZLUPAC,Warwick Avenue,Paddington,1,Bakerloo,Inbound,SB,SB
155,11,940GZZLUMYB,940GZZLUBST,Marylebone,Baker Street,1,Bakerloo,Inbound,SB,SB
11,202,940GZZLUBST,940GZZLURGP,Baker Street,Regent's Park,1,Bakerloo,Inbound,SB,SB
202,183,940GZZLURGP,940GZZLUOXC,Regent's Park,Oxford Circus,1,Bakerloo,Inbound,SB,SB
48,81,940GZZLUCHX,940GZZLUEMB,Charing Cross,Embankment,1,Bakerloo,Inbound,SB,SB
81,263,940GZZLUEMB,940GZZLUWLO,Embankment,Waterloo,1,Bakerloo,Inbound,SB,SB
263,140,940GZZLUWLO,940GZZLULBN,Waterloo,Lambeth North,1,Bakerloo,Inbound,SB,SB
140,78,940GZZLULBN,940GZZLUEAC,Lambeth North,Elephant & Castle,1,Bakerloo,Outbound,SB,SB
78,140,940GZZLUEAC,940GZZLULBN,Elephant & Castle,Lambeth North,1,Bakerloo,Outbound,NB,NB
140,263,940GZZLULBN,940GZZLUWLO,Lambeth North,Waterloo,1,Bakerloo,Outbound,NB,NB
263,81,940GZZLUWLO,940GZZLUEMB,Waterloo,Embankment,1,Bakerloo,Outbound,NB,NB
81,48,940GZZLUEMB,940GZZLUCHX,Embankment,Charing Cross,1,Bakerloo,Outbound,NB,NB
183,202,940GZZLUOXC,940GZZLURGP,Oxford Circus,Regent's Park,1,Bakerloo,Outbound,NB,NB
202,11,940GZZLURGP,940GZZLUBST,Regent's Park,Baker Street,1,Bakerloo,Outbound,NB,NB
11,155,940GZZLUBST,940GZZLUMYB,Baker Street,Marylebone,1,Bakerloo,Outbound,NB,NB
184,262,940GZZLUPAC,940GZZLUWKA,Paddington,Warwick Avenue,1,Bakerloo,Outbound,NB,NB
262,151,940GZZLUWKA,940GZZLUMVL,Warwick Avenue,Maida Vale,1,Bakerloo,Outbound,NB,NB
151,136,940GZZLUMVL,940GZZLUKPK,Maida Vale,Kilburn Park,1,Bakerloo,Outbound,NB,NB
130,281,940GZZLUKSL,940GZZLUWJN,Kensal Green,Willesden Junction,1,Bakerloo,Outbound,NB,NB
281,107,940GZZLUWJN,940GZZLUHSN,Willesden Junction,Harlesden,1,Bakerloo,Outbound,NB,NB
107,233,940GZZLUHSN,940GZZLUSGP,Harlesden,Stonebridge Park,1,Bakerloo,Outbound,NB,NB
233,265,940GZZLUSGP,940GZZLUWYC,Stonebridge Park,Wembley Central,1,Bakerloo,Outbound,NB,NB
265,172,940GZZLUWYC,940GZZLUNWY,Wembley Central,North Wembley,1,Bakerloo,Outbound,NB,NB
172,221,940GZZLUNWY,940GZZLUSKT,North Wembley,South Kenton,1,Bakerloo,Outbound,NB,NB
221,133,940GZZLUSKT,940GZZLUKEN,South Kenton,Kenton,1,Bakerloo,Outbound,NB,NB
133,108,940GZZLUKEN,940GZZLUHAW,Kenton,Harrow & Wealdstone,1,Bakerloo,Outbound,NB,NB
82,240,940GZZLUEPG,940GZZLUTHB,Epping,Theydon Bois,2,Central,Inbound,WB,WB
240,64,940GZZLUTHB,940GZZLUDBN,Theydon Bois,Debden,2,Central,Inbound,WB,WB
64,150,940GZZLUDBN,940GZZLULGN,Debden,Loughton,2,Central,Inbound,WB,WB
150,36,940GZZLULGN,940GZZLUBKH,Loughton,Buckhurst Hill,2,Central,Inbound,WB,WB
36,285,940GZZLUBKH,940GZZLUWOF,Buckhurst Hill,Woodford,2,Central,Inbound,WB,WB
285,225,940GZZLUWOF,940GZZLUSWF,Woodford,South Woodford,2,Central,Inbound,WB,WB
225,217,940GZZLUSWF,940GZZLUSNB,South Woodford,Snaresbrook,2,Central,Inbound,WB,WB
217,146,940GZZLUSNB,940GZZLULYS,Snaresbrook,Leytonstone,2,Central,Inbound,WB,WB
285,205,940GZZLUWOF,940GZZLURVY,Woodford,Roding Valley,2,Central,Inbound,WB,WB
205,50,940GZZLURVY,940GZZLUCWL,Roding Valley,Chigwell,2,Central,Inbound,WB,WB
50,97,940GZZLUCWL,940GZZLUGGH,Chigwell,Grange Hill,2,Central,Inbound,WB,WB
97,103,940GZZLUGGH,940GZZLUHLT,Grange Hill,Hainault,2,Central,Inbound,WB,WB
103,85,940GZZLUHLT,940GZZLUFLP,Hainault,Fairlop,2,Central,Inbound,WB,WB
85,16,940GZZLUFLP,940GZZLUBKE,Fairlop,Barkingside,2,Central,Inbound,WB,WB
16,167,940GZZLUBKE,940GZZLUNBP,Barkingside,Newbury Park,2,Central,Inbound,WB,WB
167,92,940GZZLUNBP,940GZZLUGTH,Newbury Park,Gants Hill,2,Central,Inbound,WB,WB
92,201,940GZZLUGTH,940GZZLURBG,Gants Hill,Redbridge,2,Central,Inbound,WB,WB
201,259,940GZZLURBG,940GZZLUWSD,Redbridge,Wanstead,2,Central,Inbound,WB,WB
259,146,940GZZLUWSD,940GZZLULYS,Wanstead,Leytonstone,2,Central,Inbound,WB,WB
146,145,940GZZLULYS,940GZZLULYN,Leytonstone,Leyton,2,Central,Inbound,WB,WB
145,234,940GZZLULYN,940GZZLUSTD,Leyton,Stratford,2,Central,Inbound,WB,WB
234,156,940GZZLUSTD,940GZZLUMED,Stratford,Mile End,2,Central,Inbound,WB,WB
148,13,940GZZLULVT,940GZZLUBNK,Liverpool Street,Bank,2,Central,Inbound,WB,WB
47,119,940GZZLUCHL,940GZZLUHBN,Chancery Lane,Holborn,2,Central,Inbound,WB,WB
119,243,940GZZLUHBN,940GZZLUTCR,Holborn,Tottenham Court Road,2,Central,Inbound,WB,WB
243,183,940GZZLUTCR,940GZZLUOXC,Tottenham Court Road,Oxford Circus,2,Central,Inbound,WB,WB
183,27,940GZZLUOXC,940GZZLUBND,Oxford Circus,Bond Street,2,Central,Inbound,WB,WB
27,154,940GZZLUBND,940GZZLUMBA,Bond Street,Marble Arch,2,Central,Inbound,WB,WB
154,141,940GZZLUMBA,940GZZLULGT,Marble Arch,Lancaster Gate,2,Central,Inbound,WB,WB
141,198,940GZZLULGT,940GZZLUQWY,Lancaster Gate,Queensway,2,Central,Inbound,WB,WB
198,178,940GZZLUQWY,940GZZLUNHG,Queensway,Notting Hill Gate,2,Central,Inbound,WB,WB
178,120,940GZZLUNHG,940GZZLUHPK,Notting Hill Gate,Holland Park,2,Central,Inbound,WB,WB
278,71,940GZZLUWCY,940GZZLUEAN,White City,East Acton,2,Central,Inbound,WB,WB
71,168,940GZZLUEAN,940GZZLUNAN,East Acton,North Acton,2,Central,Inbound,WB,WB
168,106,940GZZLUNAN,940GZZLUHGR,North Acton,Hanger Lane,2,Central,Inbound,WB,WB
106,187,940GZZLUHGR,940GZZLUPVL,Hanger Lane,Perivale,2,Central,Inbound,WB,WB
187,100,940GZZLUPVL,940GZZLUGFD,Perivale,Greenford,2,Central,Inbound,WB,WB
100,174,940GZZLUGFD,940GZZLUNHT,Greenford,Northolt,2,Central,Inbound,WB,WB
174,223,940GZZLUNHT,940GZZLUSRP,Northolt,South Ruislip,2,Central,Inbound,WB,WB
223,211,940GZZLUSRP,940GZZLURSG,South Ruislip,Ruislip Gardens,2,Central,Inbound,WB,WB
211,274,940GZZLURSG,940GZZLUWRP,Ruislip Gardens,West Ruislip,2,Central,Inbound,WB,WB
168,267,940GZZLUNAN,940GZZLUWTA,North Acton,West Acton,2,Central,Inbound,WB,WB
267,68,940GZZLUWTA,940GZZLUEBY,West Acton,Ealing Broadway,2,Central,Inbound,WB,WB
68,267,940GZZLUEBY,940GZZLUWTA,Ealing Broadway,West Acton,2,Central,Outbound,EB,EB
267,168,940GZZLUWTA,940GZZLUNAN,West Acton,North Acton,2,Central,Outbound,EB,EB
274,211,940GZZLUWRP,940GZZLURSG,West Ruislip,Ruislip Gardens,2,Central,Outbound,EB,EB
211,223,940GZZLURSG,940GZZLUSRP,Ruislip Gardens,South Ruislip,2,Central,Outbound,EB,EB
223,174,940GZZLUSRP,940GZZLUNHT,South Ruislip,Northolt,2,Central,Outbound,EB,EB
174,100,940GZZLUNHT,940GZZLUGFD,Northolt,Greenford,2,Central,Outbound,EB,EB
100,187,940GZZLUGFD,940GZZLUPVL,Greenford,Perivale,2,Central,Outbound,EB,EB
187,106,940GZZLUPVL,940GZZLUHGR,Perivale,Hanger Lane,2,Central,Outbound,EB,EB
106,168,940GZZLUHGR,940GZZLUNAN,Hanger Lane,North Acton,2,Central,Outbound,EB,EB
168,71,940GZZLUNAN,940GZZLUEAN,North Acton,East Acton,2,Central,Outbound,EB,EB
71,278,940GZZLUEAN,940GZZLUWCY,East Acton,White City,2,Central,Outbound,EB,EB
120,178,940GZZLUHPK,940GZZLUNHG,Holland Park,Notting Hill Gate,2,Central,Outbound,EB,EB
178,198,940GZZLUNHG,940GZZLUQWY,Notting Hill Gate,Queensway,2,Central,Outbound,EB,EB
198,141,940GZZLUQWY,940GZZLULGT,Queensway,Lancaster Gate,2,Central,Outbound,EB,EB
141,154,940GZZLULGT,940GZZLUMBA,Lancaster Gate,Marble Arch,2,Central,Outbound,EB,EB
154,27,940GZZLUMBA,940GZZLUBND,Marble Arch,Bond Street,2,Central,Outbound,EB,EB
27,183,940GZZLUBND,940GZZLUOXC,Bond Street,Oxford Circus,2,Central,Outbound,EB,EB
183,243,940GZZLUOXC,940GZZLUTCR,Oxford Circus,Tottenham Court Road,2,Central,Outbound,EB,EB
243,119,940GZZLUTCR,940GZZLUHBN,Tottenham Court Road,Holborn,2,Central,Outbound,EB,EB
119,47,940GZZLUHBN,940GZZLUCHL,Holborn,Chancery Lane,2,Central,Outbound,EB,EB
13,148,940GZZLUBNK,940GZZLULVT,Bank,Liverpool Street,2,Central,Outbound,EB,EB
156,234,940GZZLUMED,940GZZLUSTD,Mile End,Stratford,2,Central,Outbound,EB,EB
234,145,940GZZLUSTD,940GZZLULYN,Stratford,Leyton,2,Central,Outbound,EB,EB
145,146,940GZZLULYN,940GZZLULYS,Leyton,Leytonstone,2,Central,Outbound,EB,EB
146,259,940GZZLULYS,940GZZLUWSD,Leytonstone,Wanstead,2,Central,Outbound,EB,EB
259,201,940GZZLUWSD,940GZZLURBG,Wanstead,Redbridge,2,Central,Outbound,EB,EB
201,92,940GZZLURBG,940GZZLUGTH,Redbridge,Gants Hill,2,Central,Outbound,EB,EB
92,167,940GZZLUGTH,940GZZLUNBP,Gants Hill,Newbury Park,2,Central,Outbound,EB,EB
167,16,940GZZLUNBP,940GZZLUBKE,Newbury Park,Barkingside,2,Central,Outbound,EB,EB
16,85,940GZZLUBKE,940GZZLUFLP,Barkingside,Fairlop,2,Central,Outbound,EB,EB
85,103,940GZZLUFLP,940GZZLUHLT,Fairlop,Hainault,2,Central,Outbound,EB,EB
103,97,940GZZLUHLT,940GZZLUGGH,Hainault,Grange Hill,2,Central,Outbound,EB,EB
97,50,940GZZLUGGH,940GZZLUCWL,Grange Hill,Chigwell,2,Central,Outbound,EB,EB
50,205,940GZZLUCWL,940GZZLURVY,Chigwell,Roding Valley,2,Central,Outbound,EB,EB
205,285,940GZZLURVY,940GZZLUWOF,Roding Valley,Woodford,2,Central,Outbound,EB,EB
146,217,940GZZLULYS,940GZZLUSNB,Leytonstone,Snaresbrook,2,Central,Outbound,EB,EB
217,225,940GZZLUSNB,940GZZLUSWF,Snaresbrook,South Woodford,2,Central,Outbound,EB,EB
225,285,940GZZLUSWF,940GZZLUWOF,South Woodford,Woodford,2,Central,Outbound,EB,EB
285,36,940GZZLUWOF,940GZZLUBKH,Woodford,Buckhurst Hill,2,Central,Outbound,EB,EB
36,150,940GZZLUBKH,940GZZLULGN,Buckhurst Hill,Loughton,2,Central,Outbound,EB,EB
150,64,940GZZLULGN,940GZZLUDBN,Loughton,Debden,2,Central,Outbound,EB,EB
64,240,940GZZLUDBN,940GZZLUTHB,Debden,Theydon Bois,2,Central,Outbound,EB,EB
240,82,940GZZLUTHB,940GZZLUEPG,Theydon Bois,Epping,2,Central,Outbound,EB,EB
34,232,940GZZLUBXN,940GZZLUSKW,Brixton,Stockwell,10,Victoria,Outbound,NB,NB
232,256,940GZZLUSKW,940GZZLUVXL,Stockwell,Vauxhall,10,Victoria,Outbound,NB,NB
256,188,940GZZLUVXL,940GZZLUPCO,Vauxhall,Pimlico,10,Victoria,Outbound,NB,NB
188,257,940GZZLUPCO,940GZZLUVIC,Pimlico,Victoria,10,Victoria,Outbound,NB,NB
257,99,940GZZLUVIC,940GZZLUGPK,Victoria,Green Park,10,Victoria,Outbound,NB,NB
99,183,940GZZLUGPK,940GZZLUOXC,Green Park,Oxford Circus,10,Victoria,Outbound,NB,NB
183,261,940GZZLUOXC,940GZZLUWRR,Oxford Circus,Warren Street,10,Victoria,Outbound,NB,NB
261,83,940GZZLUWRR,940GZZLUEUS,Warren Street,Euston,10,Victoria,Outbound,NB,NB
89,214,940GZZLUFPK,940GZZLUSVS,Finsbury Park,Seven Sisters,10,Victoria,Outbound,NB,NB
214,244,940GZZLUSVS,940GZZLUTMH,Seven Sisters,Tottenham Hale,10,Victoria,Outbound,NB,NB
244,25,940GZZLUTMH,940GZZLUBLR,Tottenham Hale,Blackhorse Road,10,Victoria,Outbound,NB,NB
25,258,940GZZLUBLR,940GZZLUWWL,Blackhorse Road,Walthamstow Central,10,Victoria,Outbound,NB,NB
258,25,940GZZLUWWL,940GZZLUBLR,Walthamstow Central,Blackhorse Road,10,Victoria,Inbound,SB,SB
25,244,940GZZLUBLR,940GZZLUTMH,Blackhorse Road,Tottenham Hale,10,Victoria,Inbound,SB,SB
244,214,940GZZLUTMH,940GZZLUSVS,Tottenham Hale,Seven Sisters,10,Victoria,Inbound,SB,SB
214,89,940GZZLUSVS,940GZZLUFPK,Seven Sisters,Finsbury Park,10,Victoria,Inbound,SB,SB
83,261,940GZZLUEUS,940GZZLUWRR,Euston,Warren Street,10,Victoria,Inbound,SB,SB
261,183,940GZZLUWRR,940GZZLUOXC,Warren Street,Oxford Circus,10,Victoria,Inbound,SB,SB
183,99,940GZZLUOXC,940GZZLUGPK,Oxford Circus,Green Park,10,Victoria,Inbound,SB,SB
99,257,940GZZLUGPK,940GZZLUVIC,Green Park,Victoria,10,Victoria,Inbound,SB,SB
257,188,940GZZLUVIC,940GZZLUPCO,Victoria,Pimlico,10,Victoria,Inbound,SB,SB
188,256,940GZZLUPCO,940GZZLUVXL,Pimlico,Vauxhall,10,Victoria,Inbound,SB,SB
256,232,940GZZLUVXL,940GZZLUSKW,Vauxhall,Stockwell,10,Victoria,Inbound,SB,SB
232,34,940GZZLUSKW,940GZZLUBXN,Stockwell,Brixton,10,Victoria,Inbound,SB,SB
230,44,940GZZLUSTM,940GZZLUCPK,Stanmore,Canons Park,6,Jubilee,Outbound,EB,SB
44,197,940GZZLUCPK,940GZZLUQBY,Canons Park,Queensbury,6,Jubilee,Outbound,EB,SB
197,137,940GZZLUQBY,940GZZLUKBY,Queensbury,Kingsbury,6,Jubilee,Outbound,EB,SB
137,266,940GZZLUKBY,940GZZLUWYP,Kingsbury,Wembley Park,6,Jubilee,Outbound,EB,SB
266,164,940GZZLUWYP,940GZZLUNDN,Wembley Park,Neasden,6,Jubilee,Outbound,EB,SB
164,67,940GZZLUNDN,940GZZLUDOH,Neasden,Dollis Hill,6,Jubilee,Outbound,EB,SB
67,280,940GZZLUDOH,940GZZLUWIG,Dollis Hill,Willesden Green,6,Jubilee,Outbound,EB,SB
280,135,940GZZLUWIG,940GZZLUKBN,Willesden Green,Kilburn,6,Jubilee,Outbound,EB,SB
88,238,940GZZLUFYR,940GZZLUSWC,Finchley Road,Swiss Cottage,6,Jubilee,Outbound,EB,SB
11,27,940GZZLUBST,940GZZLUBND,Baker Street,Bond Street,6,Jubilee,Outbound,EB,SB
27,99,940GZZLUBND,940GZZLUGPK,Bond Street,Green Park,6,Jubilee,Outbound,EB,SB
99,277,940GZZLUGPK,940GZZLUWSM,Green Park,Westminster,6,Jubilee,Outbound,EB,SB
277,263,940GZZLUWSM,940GZZLUWLO,Westminster,Waterloo,6,Jubilee,Outbound,EB,EB
263,228,940GZZLUWLO,940GZZLUSWK,Waterloo,Southwark,6,Jubilee,Outbound,EB,EB
228,149,940GZZLUSWK,940GZZLULNB,Southwark,London Bridge,6,Jubilee,Outbound,EB,EB
149,23,940GZZLULNB,940GZZLUBMY,London Bridge,Bermondsey,6,Jubilee,Outbound,EB,EB
23,40,940GZZLUBMY,940GZZLUCWR,Bermondsey,Canada Water,6,Jubilee,Outbound,EB,EB
40,41,940GZZLUCWR,940GZZLUCYF,Canada Water,Canary Wharf,6,Jubilee,Outbound,EB,EB
41,170,940GZZLUCYF,940GZZLUNGW,Canary Wharf,North Greenwich,6,Jubilee,Outbound,EB,EB
170,42,940GZZLUNGW,940GZZLUCGT,North Greenwich,Canning Town,6,Jubilee,Outbound,EB,EB
42,270,940GZZLUCGT,940GZZLUWHM,Canning Town,West Ham,6,Jubilee,Outbound,EB,EB
270,234,940GZZLUWHM,940GZZLUSTD,West Ham,Stratford,6,Jubilee,Outbound,EB,EB
234,270,940GZZLUSTD,940GZZLUWHM,Stratford,West Ham,6,Jubilee,Inbound,WB,WB
270,42,940GZZLUWHM,940GZZLUCGT,West Ham,Canning Town,6,Jubilee,Inbound,WB,WB
42,170,940GZZLUCGT,940GZZLUNGW,Canning Town,North Greenwich,6,Jubilee,Inbound,WB,WB
170,41,940GZZLUNGW,940GZZLUCYF,North Greenwich,Canary Wharf,6,Jubilee,Inbound,WB,WB
41,40,940GZZLUCYF,940GZZLUCWR,Canary Wharf,Canada Water,6,Jubilee,Inbound,WB,WB
40,23,940GZZLUCWR,940GZZLUBMY,Canada Water,Bermondsey,6,Jubilee,Inbound,WB,WB
23,149,940GZZLUBMY,940GZZLULNB,Bermondsey,London Bridge,6,Jubilee,Inbound,WB,WB
149,228,940GZZLULNB,940GZZLUSWK,London Bridge,Southwark,6,Jubilee,Inbound,WB,WB
228,263,940GZZLUSWK,940GZZLUWLO,Southwark,Waterloo,6,Jubilee,Inbound,WB,WB
263,277,940GZZLUWLO,940GZZLUWSM,Waterloo,Westminster,6,Jubilee,Inbound,WB,WB
277,99,940GZZLUWSM,940GZZLUGPK,Westminster,Green Park,6,Jubilee,Inbound,WB,WB
99,27,940GZZLUGPK,940GZZLUBND,Green Park,Bond Street,6,Jubilee,Inbound,WB,NB
27,11,940GZZLUBND,940GZZLUBST,Bond Street,Baker Street,6,Jubilee,Inbound,WB,NB
238,88,940GZZLUSWC,940GZZLUFYR,Swiss Cottage,Finchley Road,6,Jubilee,Inbound,WB,NB
135,280,940GZZLUKBN,940GZZLUWIG,Kilburn,Willesden Green,6,Jubilee,Inbound,WB,NB
280,67,940GZZLUWIG,940GZZLUDOH,Willesden Green,Dollis Hill,6,Jubilee,Inbound,WB,NB
67,164,940GZZLUDOH,940GZZLUNDN,Dollis Hill,Neasden,6,Jubilee,Inbound,WB,NB
164,266,940GZZLUNDN,940GZZLUWYP,Neasden,Wembley Park,6,Jubilee,Inbound,WB,NB
266,137,940GZZLUWYP,940GZZLUKBY,Wembley Park,Kingsbury,6,Jubilee,Inbound,WB,NB
137,197,940GZZLUKBY,940GZZLUQBY,Kingsbury,Queensbury,6,Jubilee,Inbound,WB,NB
197,44,940GZZLUQBY,940GZZLUCPK,Queensbury,Canons Park,6,Jubilee,Inbound,WB,NB
44,230,940GZZLUCPK,940GZZLUSTM,Canons Park,Stanmore,6,Jubilee,Inbound,WB,NB
161,224,940GZZLUMDN,940GZZLUSWN,Morden,South Wimbledon,8,Northern,Outbound,NB,NB
224,58,940GZZLUSWN,940GZZLUCSD,South Wimbledon,Colliers Wood,8,Northern,Outbound,NB,NB
58,242,940GZZLUCSD,940GZZLUTBY,Colliers Wood,Tooting Broadway,8,Northern,Outbound,NB,NB
242,241,940GZZLUTBY,940GZZLUTBC,Tooting Broadway,Tooting Bec,8,Northern,Outbound,NB,NB
241,12,940GZZLUTBC,940GZZLUBLM,Tooting Bec,Balham,8,Northern,Outbound,NB,NB
12,55,940GZZLUBLM,940GZZLUCPS,Balham,Clapham South,8,Northern,Outbound,NB,NB
55,53,940GZZLUCPS,940GZZLUCPC,Clapham South,Clapham Common,8,Northern,Outbound,NB,NB
53,54,940GZZLUCPC,940GZZLUCPN,Clapham Common,Clapham North,8,Northern,Outbound,NB,NB
54,232,940GZZLUCPN,940GZZLUSKW,Clapham North,Stockwell,8,Northern,Outbound,NB,NB
232,182,940GZZLUSKW,940GZZLUOVL,Stockwell,Oval,8,Northern,Outbound,NB,NB
182,129,940GZZLUOVL,940GZZLUKNG,Oval,Kennington,8,Northern,Outbound,NB,NB
129,78,940GZZLUKNG,940GZZLUEAC,Kennington,Elephant & Castle,8,Northern,Outbound,NB,NB
78,28,940GZZLUEAC,940GZZLUBOR,Elephant & Castle,Borough,8,Northern,Outbound,NB,NB
28,149,940GZZLUBOR,940GZZLULNB,Borough,London Bridge,8,Northern,Outbound,NB,NB
149,13,940GZZLULNB,940GZZLUBNK,London Bridge,Bank,8,Northern,Outbound,NB,NB
13,160,940GZZLUBNK,940GZZLUMGT,Bank,Moorgate,8,Northern,Outbound,NB,NB
160,180,940GZZLUMGT,940GZZLUODS,Moorgate,Old Street,8,Northern,Outbound,NB,NB
180,7,940GZZLUODS,940GZZLUAGL,Old Street,Angel,8,Northern,Outbound,NB,NB
83,39,940GZZLUEUS,940GZZLUCTN,Euston,Camden Town,8,Northern,Outbound,NB,NB
129,263,940GZZLUKNG,940GZZLUWLO,Kennington,Waterloo,8,Northern,Outbound,NB,NB
263,81,940GZZLUWLO,940GZZLUEMB,Waterloo,Embankment,8,Northern,Outbound,NB,NB
81,48,940GZZLUEMB,940GZZLUCHX,Embankment,Charing Cross,8,Northern,Outbound,NB,NB
48,143,940GZZLUCHX,940GZZLULSQ,Charing Cross,Leicester Square,8,Northern,Outbound,NB,NB
143,243,940GZZLULSQ,940GZZLUTCR,Leicester Square,Tottenham Court Road,8,Northern,Outbound,NB,NB
243,96,940GZZLUTCR,940GZZLUGDG,Tottenham Court Road,Goodge Street,8,Northern,Outbound,NB,NB
96,261,940GZZLUGDG,940GZZLUWRR,Goodge Street,Warren Street,8,Northern,Outbound,NB,NB
261,83,940GZZLUWRR,940GZZLUEUS,Warren Street,Euston,8,Northern,Outbound,NB,NB
83,162,940GZZLUEUS,940GZZLUMTC,Euston,Mornington Crescent,8,Northern,Outbound,NB,NB
162,39,940GZZLUMTC,940GZZLUCTN,Mornington Crescent,Camden Town,8,Northern,Outbound,NB,NB
39,132,940GZZLUCTN,940GZZLUKSH,Camden Town,Kentish Town,8,Northern,Outbound,NB,NB
132,248,940GZZLUKSH,940GZZLUTFP,Kentish Town,Tufnell Park,8,Northern,Outbound,NB,NB
248,8,940GZZLUTFP,940GZZLUACY,Tufnell Park,Archway,8,Northern,Outbound,NB,NB
8,117,940GZZLUACY,940GZZLUHGT,Archway,Highgate,8,Northern,Outbound,NB,NB
117,72,940GZZLUHGT,940GZZLUEFY,Highgate,East Finchley,8,Northern,Outbound,NB,NB
72,87,940GZZLUEFY,940GZZLUFYC,East Finchley,Finchley Central,8,Northern,Outbound,NB,NB
87,269,940GZZLUFYC,940GZZLUWFN,Finchley Central,West Finchley,8,Northern,Outbound,NB,NB
269,286,940GZZLUWFN,940GZZLUWOP,West Finchley,Woodside Park,8,Northern,Outbound,NB,NB
286,245,940GZZLUWOP,940GZZLUTAW,Woodside Park,Totteridge & Whetstone,8,Northern,Outbound,NB,NB
245,114,940GZZLUTAW,940GZZLUHBT,Totteridge & Whetstone,High Barnet,8,Northern,Outbound,NB,NB
87,157,940GZZLUFYC,940GZZLUMHL,Finchley Central,Mill Hill East,8,Northern,Outbound,NB,NB
39,46,940GZZLUCTN,940GZZLUCFM,Camden Town,Chalk Farm,8,Northern,Outbound,NB,NB
46,22,940GZZLUCFM,940GZZLUBZP,Chalk Farm,Belsize Park,8,Northern,Outbound,NB,NB
22,105,940GZZLUBZP,940GZZLUHTD,Belsize Park,Hampstead,8,Northern,Outbound,NB,NB
105,94,940GZZLUHTD,940GZZLUGGN,Hampstead,Golders Green,8,Northern,Outbound,NB,NB
94,33,940GZZLUGGN,940GZZLUBTX,Golders Green,Brent Cross,8,Northern,Outbound,NB,NB
33,112,940GZZLUBTX,940GZZLUHCL,Brent Cross,Hendon Central,8,Northern,Outbound,NB,NB
112,57,940GZZLUHCL,940GZZLUCND,Hendon Central,Colindale,8,Northern,Outbound,NB,NB
57,37,940GZZLUCND,940GZZLUBTK,Colindale,Burnt Oak,8,Northern,Outbound,NB,NB
37,77,940GZZLUBTK,940GZZLUEGW,Burnt Oak,Edgware,8,Northern,Outbound,NB,NB
77,37,940GZZLUEGW,940GZZLUBTK,Edgware,Burnt Oak,8,Northern,Inbound,SB,SB
37,57,940GZZLUBTK,940GZZLUCND,Burnt Oak,Colindale,8,Northern,Inbound,SB,SB
57,112,940GZZLUCND,940GZZLUHCL,Colindale,Hendon Central,8,Northern,Inbound,SB,SB
112,33,940GZZLUHCL,940GZZLUBTX,Hendon Central,Brent Cross,8,Northern,Inbound,SB,SB
33,94,940GZZLUBTX,940GZZLUGGN,Brent Cross,Golders Green,8,Northern,Inbound,SB,SB
94,105,940GZZLUGGN,940GZZLUHTD,Golders Green,Hampstead,8,Northern,Inbound,SB,SB
105,22,940GZZLUHTD,940GZZLUBZP,Hampstead,Belsize Park,8,Northern,Inbound,SB,SB
22,46,940GZZLUBZP,940GZZLUCFM,Belsize Park,Chalk Farm,8,Northern,Inbound,SB,SB
46,39,940GZZLUCFM,940GZZLUCTN,Chalk Farm,Camden Town,8,Northern,Inbound,SB,SB
157,87,940GZZLUMHL,940GZZLUFYC,Mill Hill East,Finchley Central,8,Northern,Inbound,SB,SB
114,245,940GZZLUHBT,940GZZLUTAW,High Barnet,Totteridge & Whetstone,8,Northern,Inbound,SB,SB
245,286,940GZZLUTAW,940GZZLUWOP,Totteridge & Whetstone,Woodside Park,8,Northern,Inbound,SB,SB
286,269,940GZZLUWOP,940GZZLUWFN,Woodside Park,West Finchley,8,Northern,Inbound,SB,SB
269,87,940GZZLUWFN,940GZZLUFYC,West Finchley,Finchley Central,8,Northern,Inbound,SB,SB
87,72,940GZZLUFYC,940GZZLUEFY,Finchley Central,East Finchley,8,Northern,Inbound,SB,SB
72,117,940GZZLUEFY,940GZZLUHGT,East Finchley,Highgate,8,Northern,Inbound,SB,SB
117,8,940GZZLUHGT,940GZZLUACY,Highgate,Archway,8,Northern,Inbound,SB,SB
8,248,940GZZLUACY,940GZZLUTFP,Archway,Tufnell Park,8,Northern,Inbound,SB,SB
248,132,940GZZLUTFP,940GZZLUKSH,Tufnell Park,Kentish Town,8,Northern,Inbound,SB,SB
132,39,940GZZLUKSH,940GZZLUCTN,Kentish Town,Camden Town,8,Northern,Inbound,SB,SB
39,162,940GZZLUCTN,940GZZLUMTC,Camden Town,Mornington Crescent,8,Northern,Inbound,SB,SB
162,83,940GZZLUMTC,940GZZLUEUS,Mornington Crescent,Euston,8,Northern,Inbound,SB,SB
83,261,940GZZLUEUS,940GZZLUWRR,Euston,Warren Street,8,Northern,Inbound,SB,SB
261,96,940GZZLUWRR,940GZZLUGDG,Warren Street,Goodge Street,8,Northern,Inbound,SB,SB
96,243,940GZZLUGDG,940GZZLUTCR,Goodge Street,Tottenham Court Road,8,Northern,Inbound,SB,SB
243,143,940GZZLUTCR,940GZZLULSQ,Tottenham Court Road,Leicester Square,8,Northern,Inbound,SB,SB
143,48,940GZZLULSQ,940GZZLUCHX,Leicester Square,Charing Cross,8,Northern,Inbound,SB,SB
48,81,940GZZLUCHX,940GZZLUEMB,Charing Cross,Embankment,8,Northern,Inbound,SB,SB
81,263,940GZZLUEMB,940GZZLUWLO,Embankment,Waterloo,8,Northern,Inbound,SB,SB
263,129,940GZZLUWLO,940GZZLUKNG,Waterloo,Kennington,8,Northern,Inbound,SB,SB
39,83,940GZZLUCTN,940GZZLUEUS,Camden Town,Euston,8,Northern,Inbound,SB,SB
7,180,940GZZLUAGL,940GZZLUODS,Angel,Old Street,8,Northern,Inbound,SB,SB
180,160,940GZZLUODS,940GZZLUMGT,Old Street,Moorgate,8,Northern,Inbound,SB,SB
160,13,940GZZLUMGT,940GZZLUBNK,Moorgate,Bank,8,Northern,Inbound,SB,SB
13,149,940GZZLUBNK,940GZZLULNB,Bank,London Bridge,8,Northern,Inbound,SB,SB
149,28,940GZZLULNB,940GZZLUBOR,London Bridge,Borough,8,Northern,Inbound,SB,SB
28,78,940GZZLUBOR,940GZZLUEAC,Borough,Elephant & Castle,8,Northern,Inbound,SB,SB
78,129,940GZZLUEAC,940GZZLUKNG,Elephant & Castle,Kennington,8,Northern,Inbound,SB,SB
129,182,940GZZLUKNG,940GZZLUOVL,Kennington,Oval,8,Northern,Inbound,SB,SB
182,232,940GZZLUOVL,940GZZLUSKW,Oval,Stockwell,8,Northern,Inbound,SB,SB
232,54,940GZZLUSKW,940GZZLUCPN,Stockwell,Clapham North,8,Northern,Inbound,SB,SB
54,53,940GZZLUCPN,940GZZLUCPC,Clapham North,Clapham Common,8,Northern,Inbound,SB,SB
53,55,940GZZLUCPC,940GZZLUCPS,Clapham Common,Clapham South,8,Northern,Inbound,SB,SB
55,12,940GZZLUCPS,940GZZLUBLM,Clapham South,Balham,8,Northern,Inbound,SB,SB
12,241,940GZZLUBLM,940GZZLUTBC,Balham,Tooting Bec,8,Northern,Inbound,SB,SB
241,242,940GZZLUTBC,940GZZLUTBY,Tooting Bec,Tooting Broadway,8,Northern,Inbound,SB,SB
242,58,940GZZLUTBY,940GZZLUCSD,Tooting Broadway,Colliers Wood,8,Northern,Inbound,SB,SB
58,224,940GZZLUCSD,940GZZLUSWN,Colliers Wood,South Wimbledon,8,Northern,Inbound,SB,SB
224,161,940GZZLUSWN,940GZZLUMDN,South Wimbledon,Morden,8,Northern,Inbound,SB,SB
56,179,940GZZLUCKS,940GZZLUOAK,Cockfosters,Oakwood,9,Piccadilly,Inbound,WB,WB
179,227,940GZZLUOAK,940GZZLUSGT,Oakwood,Southgate,9,Piccadilly,Inbound,WB,WB
227,9,940GZZLUSGT,940GZZLUASG,Southgate,Arnos Grove,9,Piccadilly,Inbound,WB,WB
9,30,940GZZLUASG,940GZZLUBDS,Arnos Grove,Bounds Green,9,Piccadilly,Inbound,WB,WB
30,284,940GZZLUBDS,940GZZLUWOG,Bounds Green,Wood Green,9,Piccadilly,Inbound,WB,WB
284,250,940GZZLUWOG,940GZZLUTPN,Wood Green,Turnpike Lane,9,Piccadilly,Inbound,WB,WB
250,152,940GZZLUTPN,940GZZLUMRH,Turnpike Lane,Manor House,9,Piccadilly,Inbound,WB,WB
152,89,940GZZLUMRH,940GZZLUFPK,Manor House,Finsbury Park,9,Piccadilly,Inbound,WB,WB
89,10,940GZZLUFPK,940GZZLUASL,Finsbury Park,Arsenal,9,Piccadilly,Inbound,WB,SB
10,121,940GZZLUASL,940GZZLUHWY,Arsenal,Holloway Road,9,Piccadilly,Inbound,WB,WB
121,38,940GZZLUHWY,940GZZLUCAR,Holloway Road,Caledonian Road,9,Piccadilly,Inbound,WB,WB
213,119,940GZZLURSQ,940GZZLUHBN,Russell Square,Holborn,9,Piccadilly,Inbound,WB,WB
119,59,940GZZLUHBN,940GZZLUCGN,Holborn,Covent Garden,9,Piccadilly,Inbound,WB,WB
59,143,940GZZLUCGN,940GZZLULSQ,Covent Garden,Leicester Square,9,Piccadilly,Inbound,WB,WB
99,126,940GZZLUGPK,940GZZLUHPC,Green Park,Hyde Park Corner,9,Piccadilly,Inbound,WB,WB
126,138,940GZZLUHPC,940GZZLUKNB,Hyde Park Corner,Knightsbridge,9,Piccadilly,Inbound,WB,WB
138,220,940GZZLUKNB,940GZZLUSKS,Knightsbridge,South Kensington,9,Piccadilly,Inbound,WB,WB
220,93,940GZZLUSKS,940GZZLUGTR,South Kensington,Gloucester Road,9,Piccadilly,Inbound,WB,WB
93,70,940GZZLUGTR,940GZZLUECT,Gloucester Road,Earl's Court,9,Piccadilly,Inbound,WB,WB
70,17,940GZZLUECT,940GZZLUBSC,Earl's Court,Barons Court,9,Piccadilly,Inbound,WB,WB
17,104,940GZZLUBSC,940GZZLUHSD,Barons Court,Hammersmith,9,Piccadilly,Inbound,WB,WB
104,249,940GZZLUHSD,940GZZLURVP,Hammersmith,Turnham Green,9,Piccadilly,Inbound,WB,WB
249,1,940GZZLUTNG,940GZZLUACT,Turnham Green,Acton Town,9,Piccadilly,Inbound,WB,
1,218,940GZZLUACT,940GZZLUSEA,Acton Town,South Ealing,9,Piccadilly,Inbound,WB,WB
218,173,940GZZLUSEA,940GZZLUNFD,South Ealing,Northfields,9,Piccadilly,Inbound,WB,WB
173,29,940GZZLUNFD,940GZZLUBOS,Northfields,Boston Manor,9,Piccadilly,Inbound,WB,WB
29,181,940GZZLUBOS,940GZZLUOSY,Boston Manor,Osterley,9,Piccadilly,Inbound,WB,WB
181,124,940GZZLUOSY,940GZZLUHWE,Osterley,Hounslow East,9,Piccadilly,Inbound,WB,WB
124,123,940GZZLUHWE,940GZZLUHWC,Hounslow East,Hounslow Central,9,Piccadilly,Inbound,WB,WB
123,125,940GZZLUHWC,940GZZLUHWT,Hounslow Central,Hounslow West,9,Piccadilly,Inbound,WB,WB
125,110,940GZZLUHWT,940GZZLUHNX,Hounslow West,Hatton Cross,9,Piccadilly,Inbound,WB,WB
110,111,940GZZLUHNX,940GZZLUHR4,Hatton Cross,Heathrow Terminal 4,9,Piccadilly,Inbound,WB,WB
1,69,940GZZLUACT,940GZZLUECM,Acton Town,Ealing Common,9,Piccadilly,Inbound,WB,WB
69,169,940GZZLUECM,940GZZLUNEN,Ealing Common,North Ealing,9,Piccadilly,Inbound,WB,WB
169,185,940GZZLUNEN,940GZZLUPKR,North Ealing,Park Royal,9,Piccadilly,Inbound,WB,WB
185,5,940GZZLUPKR,940GZZLUALP,Park Royal,Alperton,9,Piccadilly,Inbound,WB,WB
5,236,940GZZLUALP,940GZZLUSUT,Alperton,Sudbury Town,9,Piccadilly,Inbound,WB,WB
236,235,940GZZLUSUT,940GZZLUSUH,Sudbury Town,Sudbury Hill,9,Piccadilly,Inbound,WB,WB
235,219,940GZZLUSUH,940GZZLUSHH,Sudbury Hill,South Harrow,9,Piccadilly,Inbound,WB,WB
219,200,940GZZLUSHH,940GZZLURYL,South Harrow,Rayners Lane,9,Piccadilly,Inbound,WB,WB
200,76,940GZZLURYL,940GZZLUEAE,Rayners Lane,Eastcote,9,Piccadilly,Inbound,WB,WB
76,212,940GZZLUEAE,940GZZLURSM,Eastcote,Ruislip Manor,9,Piccadilly,Inbound,WB,WB
212,210,940GZZLURSM,940GZZLURSP,Ruislip Manor,Ruislip,9,Piccadilly,Inbound,WB,WB
210,127,940GZZLURSP,940GZZLUICK,Ruislip,Ickenham,9,Piccadilly,Inbound,WB,WB
127,118,940GZZLUICK,940GZZLUHGD,Ickenham,Hillingdon,9,Piccadilly,Inbound,WB,WB
118,255,940GZZLUHGD,940GZZLUUXB,Hillingdon,Uxbridge,9,Piccadilly,Inbound,WB,WB
255,118,940GZZLUUXB,940GZZLUHGD,Uxbridge,Hillingdon,9,Piccadilly,Outbound,EB,EB
118,127,940GZZLUHGD,940GZZLUICK,Hillingdon,Ickenham,9,Piccadilly,Outbound,EB,EB
127,210,940GZZLUICK,940GZZLURSP,Ickenham,Ruislip,9,Piccadilly,Outbound,EB,EB
210,212,940GZZLURSP,940GZZLURSM,Ruislip,Ruislip Manor,9,Piccadilly,Outbound,EB,EB
212,76,940GZZLURSM,940GZZLUEAE,Ruislip Manor,Eastcote,9,Piccadilly,Outbound,EB,EB
76,200,940GZZLUEAE,940GZZLURYL,Eastcote,Rayners Lane,9,Piccadilly,Outbound,EB,EB
200,219,940GZZLURYL,940GZZLUSHH,Rayners Lane,South Harrow,9,Piccadilly,Outbound,EB,EB
219,235,940GZZLUSHH,940GZZLUSUH,South Harrow,Sudbury Hill,9,Piccadilly,Outbound,EB,EB
235,236,940GZZLUSUH,940GZZLUSUT,Sudbury Hill,Sudbury Town,9,Piccadilly,Outbound,EB,EB
236,5,940GZZLUSUT,940GZZLUALP,Sudbury Town,Alperton,9,Piccadilly,Outbound,EB,EB
5,185,940GZZLUALP,940GZZLUPKR,Alperton,Park Royal,9,Piccadilly,Outbound,EB,EB
185,169,940GZZLUPKR,940GZZLUNEN,Park Royal,North Ealing,9,Piccadilly,Outbound,EB,EB
169,69,940GZZLUNEN,940GZZLUECM,North Ealing,Ealing Common,9,Piccadilly,Outbound,EB,EB
69,1,940GZZLUECM,940GZZLUACT,Ealing Common,Acton Town,9,Piccadilly,Outbound,EB,EB
110,125,940GZZLUHNX,940GZZLUHWT,Hatton Cross,Hounslow West,9,Piccadilly,Outbound,EB,EB
125,123,940GZZLUHWT,940GZZLUHWC,Hounslow West,Hounslow Central,9,Piccadilly,Outbound,EB,EB
123,124,940GZZLUHWC,940GZZLUHWE,Hounslow Central,Hounslow East,9,Piccadilly,Outbound,EB,EB
124,181,940GZZLUHWE,940GZZLUOSY,Hounslow East,Osterley,9,Piccadilly,Outbound,EB,EB
181,29,940GZZLUOSY,940GZZLUBOS,Osterley,Boston Manor,9,Piccadilly,Outbound,EB,EB
29,173,940GZZLUBOS,940GZZLUNFD,Boston Manor,Northfields,9,Piccadilly,Outbound,EB,EB
173,218,940GZZLUNFD,940GZZLUSEA,Northfields,South Ealing,9,Piccadilly,Outbound,EB,EB
218,1,940GZZLUSEA,940GZZLUACT,South Ealing,Acton Town,9,Piccadilly,Outbound,EB,EB
1,249,940GZZLUACT,940GZZLUTNG,Acton Town,Turnham Green,9,Piccadilly,Outbound,EB,EB
249,104,940GZZLUTNG,940GZZLURVP,Turnham Green,Hammersmith,9,Piccadilly,Outbound,EB,EB
104,17,940GZZLUHSD,940GZZLUBSC,Hammersmith,Barons Court,9,Piccadilly,Outbound,EB,EB
17,70,940GZZLUBSC,940GZZLUECT,Barons Court,Earl's Court,9,Piccadilly,Outbound,EB,EB
70,93,940GZZLUECT,940GZZLUGTR,Earl's Court,Gloucester Road,9,Piccadilly,Outbound,EB,EB
93,220,940GZZLUGTR,940GZZLUSKS,Gloucester Road,South Kensington,9,Piccadilly,Outbound,EB,EB
220,138,940GZZLUSKS,940GZZLUKNB,South Kensington,Knightsbridge,9,Piccadilly,Outbound,EB,EB
138,126,940GZZLUKNB,940GZZLUHPC,Knightsbridge,Hyde Park Corner,9,Piccadilly,Outbound,EB,EB
126,99,940GZZLUHPC,940GZZLUGPK,Hyde Park Corner,Green Park,9,Piccadilly,Outbound,EB,EB
143,59,940GZZLULSQ,940GZZLUCGN,Leicester Square,Covent Garden,9,Piccadilly,Outbound,EB,EB
59,119,940GZZLUCGN,940GZZLUHBN,Covent Garden,Holborn,9,Piccadilly,Outbound,EB,EB
119,213,940GZZLUHBN,940GZZLURSQ,Holborn,Russell Square,9,Piccadilly,Outbound,EB,EB
38,121,940GZZLUCAR,940GZZLUHWY,Caledonian Road,Holloway Road,9,Piccadilly,Outbound,EB,EB
121,10,940GZZLUHWY,940GZZLUASL,Holloway Road,Arsenal,9,Piccadilly,Outbound,EB,EB
10,89,940GZZLUASL,940GZZLUFPK,Arsenal,Finsbury Park,9,Piccadilly,Outbound,EB,EB
89,152,940GZZLUFPK,940GZZLUMRH,Finsbury Park,Manor House,9,Piccadilly,Outbound,EB,NB
152,250,940GZZLUMRH,940GZZLUTPN,Manor House,Turnpike Lane,9,Piccadilly,Outbound,EB,EB
250,284,940GZZLUTPN,940GZZLUWOG,Turnpike Lane,Wood Green,9,Piccadilly,Outbound,EB,EB
284,30,940GZZLUWOG,940GZZLUBDS,Wood Green,Bounds Green,9,Piccadilly,Outbound,EB,EB
30,9,940GZZLUBDS,940GZZLUASG,Bounds Green,Arnos Grove,9,Piccadilly,Outbound,EB,EB
9,227,940GZZLUASG,940GZZLUSGT,Arnos Grove,Southgate,9,Piccadilly,Outbound,EB,EB
227,179,940GZZLUSGT,940GZZLUOAK,Southgate,Oakwood,9,Piccadilly,Outbound,EB,EB
179,56,940GZZLUOAK,940GZZLUCKS,Oakwood,Cockfosters,9,Piccadilly,Outbound,EB,EB
251,252,940GZZLUUPM,940GZZLUUPB,Upminster,Upminster Bridge,4,District,Inbound,WB,WB
252,122,940GZZLUUPB,940GZZLUHCH,Upminster Bridge,Hornchurch,4,District,Inbound,WB,WB
122,79,940GZZLUHCH,940GZZLUEPK,Hornchurch,Elm Park,4,District,Inbound,WB,WB
79,62,940GZZLUEPK,940GZZLUDGE,Elm Park,Dagenham East,4,District,Inbound,WB,WB
62,63,940GZZLUDGE,940GZZLUDGY,Dagenham East,Dagenham Heathway,4,District,Inbound,WB,WB
63,21,940GZZLUDGY,940GZZLUBEC,Dagenham Heathway,Becontree,4,District,Inbound,WB,WB
21,253,940GZZLUBEC,940GZZLUUPY,Becontree,Upney,4,District,Inbound,WB,WB
253,15,940GZZLUUPY,940GZZLUBKG,Upney,Barking,4,District,Inbound,WB,WB
15,73,940GZZLUBKG,940GZZLUEHM,Barking,East Ham,4,District,Inbound,WB,WB
73,254,940GZZLUEHM,940GZZLUUPK,East Ham,Upton Park,4,District,Inbound,WB,WB
254,190,940GZZLUUPK,940GZZLUPLW,Upton Park,Plaistow,4,District,Inbound,WB,WB
190,270,940GZZLUPLW,940GZZLUWHM,Plaistow,West Ham,4,District,Inbound,WB,WB
270,35,940GZZLUWHM,940GZZLUBBB,West Ham,Bromley-By-Bow,4,District,Inbound,WB,WB
35,32,940GZZLUBBB,940GZZLUBWR,Bromley-By-Bow,Bow Road,4,District,Inbound,WB,WB
32,156,940GZZLUBWR,940GZZLUMED,Bow Road,Mile End,4,District,Inbound,WB,WB
156,231,940GZZLUMED,940GZZLUSGN,Mile End,Stepney Green,4,District,Inbound,WB,WB
231,279,940GZZLUSGN,940GZZLUWPL,Stepney Green,Whitechapel,4,District,Inbound,WB,WB
279,3,940GZZLUWPL,940GZZLUADE,Whitechapel,Aldgate East,4,District,Inbound,WB,WB
3,247,940GZZLUADE,940GZZLUTWH,Aldgate East,Tower Hill,4,District,Inbound,WB,WB
247,158,940GZZLUTWH,940GZZLUMMT,Tower Hill,Monument,4,District,Inbound,WB,WB
158,43,940GZZLUMMT,940GZZLUCST,Monument,Cannon Street,4,District,Inbound,WB,WB
43,153,940GZZLUCST,940GZZLUMSH,Cannon Street,Mansion House,4,District,Inbound,WB,WB
153,24,940GZZLUMSH,940GZZLUBKF,Mansion House,Blackfriars,4,District,Inbound,WB,WB
24,239,940GZZLUBKF,940GZZLUTMP,Blackfriars,Temple,4,District,Inbound,WB,WB
239,81,940GZZLUTMP,940GZZLUEMB,Temple,Embankment,4,District,Inbound,WB,WB
81,277,940GZZLUEMB,940GZZLUWSM,Embankment,Westminster,4,District,Inbound,WB,WB
257,216,940GZZLUVIC,940GZZLUSSQ,Victoria,Sloane Square,4,District,Inbound,WB,WB
216,220,940GZZLUSSQ,940GZZLUSKS,Sloane Square,South Kensington,4,District,Inbound,WB,WB
220,93,940GZZLUSKS,940GZZLUGTR,South Kensington,Gloucester Road,4,District,Inbound,WB,WB
93,70,940GZZLUGTR,940GZZLUECT,Gloucester Road,Earl's Court,4,District,Inbound,WB,WB
70,273,940GZZLUECT,940GZZLUWKN,Earl's Court,West Kensington,4,District,Inbound,WB,WB
273,17,940GZZLUWKN,940GZZLUBSC,West Kensington,Barons Court,4,District,Inbound,WB,WB
17,104,940GZZLUBSC,940GZZLUHSD,Barons Court,Hammersmith,4,District,Inbound,WB,WB
104,199,940GZZLUHSD,940GZZLURVP,Hammersmith,Ravenscourt Park,4,District,Inbound,WB,WB
199,229,940GZZLURVP,940GZZLUSFB,Ravenscourt Park,Stamford Brook,4,District,Inbound,WB,WB
229,249,940GZZLUSFB,940GZZLUTNG,Stamford Brook,Turnham Green,4,District,Inbound,WB,WB
249,102,940GZZLUTNG,940GZZLUGBY,Turnham Green,Gunnersbury,4,District,Inbound,WB,WB
102,134,940GZZLUGBY,940GZZLUKWG,Gunnersbury,Kew Gardens,4,District,Inbound,WB,WB
134,203,940GZZLUKWG,940GZZLURMD,Kew Gardens,Richmond,4,District,Inbound,WB,WB
249,51,940GZZLUTNG,940GZZLUCWP,Turnham Green,Chiswick Park,4,District,Inbound,WB,WB
51,1,940GZZLUCWP,940GZZLUACT,Chiswick Park,Acton Town,4,District,Inbound,WB,WB
1,69,940GZZLUACT,940GZZLUECM,Acton Town,Ealing Common,4,District,Inbound,WB,WB
69,68,940GZZLUECM,940GZZLUEBY,Ealing Common,Ealing Broadway,4,District,Inbound,WB,WB
70,115,940GZZLUECT,940GZZLUHSK,Earl's Court,High Street Kensington,4,District,Outbound,EB,EB
115,178,940GZZLUHSK,940GZZLUNHG,High Street Kensington,Notting Hill Gate,4,District,Outbound,EB,EB
178,18,940GZZLUNHG,940GZZLUBWT,Notting Hill Gate,Bayswater,4,District,Outbound,EB,EB
18,184,940GZZLUBWT,940GZZLUPAH,Bayswater,Paddington,4,District,Outbound,EB,EB
70,268,940GZZLUECT,940GZZLUWBN,Earl's Court,West Brompton,4,District,Inbound,WB,WB
268,90,940GZZLUWBN,940GZZLUFBY,West Brompton,Fulham Broadway,4,District,Inbound,WB,WB
90,186,940GZZLUFBY,940GZZLUPSG,Fulham Broadway,Parsons Green,4,District,Inbound,WB,WB
186,195,940GZZLUPSG,940GZZLUPYB,Parsons Green,Putney Bridge,4,District,Inbound,WB,WB
195,75,940GZZLUPYB,940GZZLUEPY,Putney Bridge,East Putney,4,District,Inbound,WB,WB
75,226,940GZZLUEPY,940GZZLUSFS,East Putney,Southfields,4,District,Inbound,WB,WB
226,283,940GZZLUSFS,940GZZLUWIP,Southfields,Wimbledon Park,4,District,Inbound,WB,WB
283,282,940GZZLUWIP,940GZZLUWIM,Wimbledon Park,Wimbledon,4,District,Inbound,WB,WB
282,283,940GZZLUWIM,940GZZLUWIP,Wimbledon,Wimbledon Park,4,District,Outbound,EB,EB
283,226,940GZZLUWIP,940GZZLUSFS,Wimbledon Park,Southfields,4,District,Outbound,EB,EB
226,75,940GZZLUSFS,940GZZLUEPY,Southfields,East Putney,4,District,Outbound,EB,EB
75,195,940GZZLUEPY,940GZZLUPYB,East Putney,Putney Bridge,4,District,Outbound,EB,EB
195,186,940GZZLUPYB,940GZZLUPSG,Putney Bridge,Parsons Green,4,District,Outbound,EB,EB
186,90,940GZZLUPSG,940GZZLUFBY,Parsons Green,Fulham Broadway,4,District,Outbound,EB,EB
90,268,940GZZLUFBY,940GZZLUWBN,Fulham Broadway,West Brompton,4,District,Outbound,EB,EB
268,70,940GZZLUWBN,940GZZLUECT,West Brompton,Earl's Court,4,District,Outbound,EB,EB
184,18,940GZZLUPAC,940GZZLUBWT,Paddington,Bayswater,4,District,Inbound,WB,WB
18,178,940GZZLUBWT,940GZZLUNHG,Bayswater,Notting Hill Gate,4,District,Inbound,WB,WB
178,115,940GZZLUNHG,940GZZLUHSK,Notting Hill Gate,High Street Kensington,4,District,Inbound,WB,WB
115,70,940GZZLUHSK,940GZZLUECT,High Street Kensington,Earl's Court,4,District,Inbound,WB,WB
68,69,940GZZLUEBY,940GZZLUECM,Ealing Broadway,Ealing Common,4,District,Outbound,EB,EB
69,1,940GZZLUECM,940GZZLUACT,Ealing Common,Acton Town,4,District,Outbound,EB,EB
1,51,940GZZLUACT,940GZZLUCWP,Acton Town,Chiswick Park,4,District,Outbound,EB,EB
51,249,940GZZLUCWP,940GZZLUTNG,Chiswick Park,Turnham Green,4,District,Outbound,EB,EB
203,134,940GZZLURMD,940GZZLUKWG,Richmond,Kew Gardens,4,District,Outbound,EB,EB
134,102,940GZZLUKWG,940GZZLUGBY,Kew Gardens,Gunnersbury,4,District,Outbound,EB,EB
102,249,940GZZLUGBY,940GZZLUTNG,Gunnersbury,Turnham Green,4,District,Outbound,EB,EB
249,229,940GZZLUTNG,940GZZLUSFB,Turnham Green,Stamford Brook,4,District,Outbound,EB,EB
229,199,940GZZLUSFB,940GZZLURVP,Stamford Brook,Ravenscourt Park,4,District,Outbound,EB,EB
199,104,940GZZLURVP,940GZZLUHSD,Ravenscourt Park,Hammersmith,4,District,Outbound,EB,EB
104,17,940GZZLUHSD,940GZZLUBSC,Hammersmith,Barons Court,4,District,Outbound,EB,EB
17,273,940GZZLUBSC,940GZZLUWKN,Barons Court,West Kensington,4,District,Outbound,EB,EB
273,70,940GZZLUWKN,940GZZLUECT,West Kensington,Earl's Court,4,District,Outbound,EB,EB
70,93,940GZZLUECT,940GZZLUGTR,Earl's Court,Gloucester Road,4,District,Outbound,EB,EB
93,220,940GZZLUGTR,940GZZLUSKS,Gloucester Road,South Kensington,4,District,Outbound,EB,EB
220,216,940GZZLUSKS,940GZZLUSSQ,South Kensington,Sloane Square,4,District,Outbound,EB,EB
216,257,940GZZLUSSQ,940GZZLUVIC,Sloane Square,Victoria,4,District,Outbound,EB,EB
277,81,940GZZLUWSM,940GZZLUEMB,Westminster,Embankment,4,District,Outbound,EB,EB
81,239,940GZZLUEMB,940GZZLUTMP,Embankment,Temple,4,District,Outbound,EB,EB
239,24,940GZZLUTMP,940GZZLUBKF,Temple,Blackfriars,4,District,Outbound,EB,EB
24,153,940GZZLUBKF,940GZZLUMSH,Blackfriars,Mansion House,4,District,Outbound,EB,EB
153,43,940GZZLUMSH,940GZZLUCST,Mansion House,Cannon Street,4,District,Outbound,EB,EB
43,158,940GZZLUCST,940GZZLUMMT,Cannon Street,Monument,4,District,Outbound,EB,EB
158,247,940GZZLUMMT,940GZZLUTWH,Monument,Tower Hill,4,District,Outbound,EB,EB
247,3,940GZZLUTWH,940GZZLUADE,Tower Hill,Aldgate East,4,District,Outbound,EB,EB
3,279,940GZZLUADE,940GZZLUWPL,Aldgate East,Whitechapel,4,District,Outbound,EB,EB
279,231,940GZZLUWPL,940GZZLUSGN,Whitechapel,Stepney Green,4,District,Outbound,EB,EB
231,156,940GZZLUSGN,940GZZLUMED,Stepney Green,Mile End,4,District,Outbound,EB,EB
156,32,940GZZLUMED,940GZZLUBWR,Mile End,Bow Road,4,District,Outbound,EB,EB
32,35,940GZZLUBWR,940GZZLUBBB,Bow Road,Bromley-By-Bow,4,District,Outbound,EB,EB
35,270,940GZZLUBBB,940GZZLUWHM,Bromley-By-Bow,West Ham,4,District,Outbound,EB,EB
270,190,940GZZLUWHM,940GZZLUPLW,West Ham,Plaistow,4,District,Outbound,EB,EB
190,254,940GZZLUPLW,940GZZLUUPK,Plaistow,Upton Park,4,District,Outbound,EB,EB
254,73,940GZZLUUPK,940GZZLUEHM,Upton Park,East Ham,4,District,Outbound,EB,EB
73,15,940GZZLUEHM,940GZZLUBKG,East Ham,Barking,4,District,Outbound,EB,EB
15,253,940GZZLUBKG,940GZZLUUPY,Barking,Upney,4,District,Outbound,EB,EB
253,21,940GZZLUUPY,940GZZLUBEC,Upney,Becontree,4,District,Outbound,EB,EB
21,63,940GZZLUBEC,940GZZLUDGY,Becontree,Dagenham Heathway,4,District,Outbound,EB,EB
63,62,940GZZLUDGY,940GZZLUDGE,Dagenham Heathway,Dagenham East,4,District,Outbound,EB,EB
62,79,940GZZLUDGE,940GZZLUEPK,Dagenham East,Elm Park,4,District,Outbound,EB,EB
79,122,940GZZLUEPK,940GZZLUHCH,Elm Park,Hornchurch,4,District,Outbound,EB,EB
122,252,940GZZLUHCH,940GZZLUUPB,Hornchurch,Upminster Bridge,4,District,Outbound,EB,EB
252,251,940GZZLUUPB,940GZZLUUPM,Upminster Bridge,Upminster,4,District,Outbound,EB,EB
6,45,940GZZLUAMS,940GZZLUCAL,Amersham,Chalfont & Latimer,7,Metropolitan,Outbound,SB,SB
49,45,940GZZLUCSM,940GZZLUCAL,Chesham,Chalfont & Latimer,7,Metropolitan,Outbound,SB,SB
45,52,940GZZLUCAL,940GZZLUCYD,Chalfont & Latimer,Chorleywood,7,Metropolitan,Outbound,SB,SB
52,204,940GZZLUCYD,940GZZLURKW,Chorleywood,Rickmansworth,7,Metropolitan,Outbound,SB,SB
204,159,940GZZLURKW,940GZZLUMPK,Rickmansworth,Moor Park,7,Metropolitan,Outbound,SB,SB
264,60,940GZZLUWAF,940GZZLUCXY,Watford,Croxley,7,Metropolitan,Outbound,SB,SB
60,159,940GZZLUCXY,940GZZLUMPK,Croxley,Moor Park,7,Metropolitan,Outbound,SB,SB
159,176,940GZZLUMPK,940GZZLUNOW,Moor Park,Northwood,7,Metropolitan,Outbound,SB,SB
176,177,940GZZLUNOW,940GZZLUNWH,Northwood,Northwood Hills,7,Metropolitan,Outbound,SB,SB
177,189,940GZZLUNWH,940GZZLUPNR,Northwood Hills,Pinner,7,Metropolitan,Outbound,SB,SB
189,171,940GZZLUPNR,940GZZLUNHA,Pinner,North Harrow,7,Metropolitan,Outbound,SB,SB
171,109,940GZZLUNHA,940GZZLUHOH,North Harrow,Harrow-On-The-Hill,7,Metropolitan,Outbound,SB,SB
255,118,940GZZLUUXB,940GZZLUHGD,Uxbridge,Hillingdon,7,Metropolitan,Outbound,SB,EB
118,127,940GZZLUHGD,940GZZLUICK,Hillingdon,Ickenham,7,Metropolitan,Outbound,SB,EB
127,210,940GZZLUICK,940GZZLURSP,Ickenham,Ruislip,7,Metropolitan,Outbound,SB,EB
210,212,940GZZLURSP,940GZZLURSM,Ruislip,Ruislip Manor,7,Metropolitan,Outbound,SB,EB
212,76,940GZZLURSM,940GZZLUEAE,Ruislip Manor,Eastcote,7,Metropolitan,Outbound,SB,EB
76,200,940GZZLUEAE,940GZZLURYL,Eastcote,Rayners Lane,7,Metropolitan,Outbound,SB,EB
200,271,940GZZLURYL,940GZZLUWHW,Rayners Lane,West Harrow,7,Metropolitan,Outbound,SB,EB
271,109,940GZZLUWHW,940GZZLUHOH,West Harrow,Harrow-On-The-Hill,7,Metropolitan,Outbound,SB,EB
109,175,940GZZLUHOH,940GZZLUNKP,Harrow-On-The-Hill,Northwick Park,7,Metropolitan,Outbound,SB,SB
175,192,940GZZLUNKP,940GZZLUPRD,Northwick Park,Preston Road,7,Metropolitan,Outbound,SB,SB
192,266,940GZZLUPRD,940GZZLUWYP,Preston Road,Wembley Park,7,Metropolitan,Outbound,SB,SB
266,88,940GZZLUWYP,940GZZLUFYR,Wembley Park,Finchley Road,7,Metropolitan,Outbound,SB,SB
88,11,940GZZLUFYR,940GZZLUBST,Finchley Road,Baker Street,7,Metropolitan,Outbound,SB,SB
11,98,940GZZLUBST,940GZZLUGPS,Baker Street,Great Portland Street,7,Metropolitan,Outbound,SB,SB
98,84,940GZZLUGPS,940GZZLUESQ,Great Portland Street,Euston Square,7,Metropolitan,Outbound,SB,EB
86,14,940GZZLUFCN,940GZZLUBBN,Farringdon,Barbican,7,Metropolitan,Outbound,SB,EB
14,160,940GZZLUBBN,940GZZLUMGT,Barbican,Moorgate,7,Metropolitan,Outbound,SB,EB
160,148,940GZZLUMGT,940GZZLULVT,Moorgate,Liverpool Street,7,Metropolitan,Outbound,SB,EB
148,2,940GZZLULVT,940GZZLUALD,Liverpool Street,Aldgate,7,Metropolitan,Outbound,SB,EB
2,148,940GZZLUALD,940GZZLULVT,Aldgate,Liverpool Street,7,Metropolitan,Inbound,NB,NB
148,160,940GZZLULVT,940GZZLUMGT,Liverpool Street,Moorgate,7,Metropolitan,Inbound,NB,WB
160,14,940GZZLUMGT,940GZZLUBBN,Moorgate,Barbican,7,Metropolitan,Inbound,NB,WB
14,86,940GZZLUBBN,940GZZLUFCN,Barbican,Farringdon,7,Metropolitan,Inbound,NB,WB
84,98,940GZZLUESQ,940GZZLUGPS,Euston Square,Great Portland Street,7,Metropolitan,Inbound,NB,WB
98,11,940GZZLUGPS,940GZZLUBST,Great Portland Street,Baker Street,7,Metropolitan,Inbound,NB,WB
11,88,940GZZLUBST,940GZZLUFYR,Baker Street,Finchley Road,7,Metropolitan,Inbound,NB,NB
88,266,940GZZLUFYR,940GZZLUWYP,Finchley Road,Wembley Park,7,Metropolitan,Inbound,NB,NB
266,192,940GZZLUWYP,940GZZLUPRD,Wembley Park,Preston Road,7,Metropolitan,Inbound,NB,NB
192,175,940GZZLUPRD,940GZZLUNKP,Preston Road,Northwick Park,7,Metropolitan,Inbound,NB,NB
175,109,940GZZLUNKP,940GZZLUHOH,Northwick Park,Harrow-On-The-Hill,7,Metropolitan,Inbound,NB,NB
109,271,940GZZLUHOH,940GZZLUWHW,Harrow-On-The-Hill,West Harrow,7,Metropolitan,Inbound,NB,NB
271,200,940GZZLUWHW,940GZZLURYL,West Harrow,Rayners Lane,7,Metropolitan,Inbound,NB,WB
200,76,940GZZLURYL,940GZZLUEAE,Rayners Lane,Eastcote,7,Metropolitan,Inbound,NB,WB
76,212,940GZZLUEAE,940GZZLURSM,Eastcote,Ruislip Manor,7,Metropolitan,Inbound,NB,WB
212,210,940GZZLURSM,940GZZLURSP,Ruislip Manor,Ruislip,7,Metropolitan,Inbound,NB,WB
210,127,940GZZLURSP,940GZZLUICK,Ruislip,Ickenham,7,Metropolitan,Inbound,NB,WB
127,118,940GZZLUICK,940GZZLUHGD,Ickenham,Hillingdon,7,Metropolitan,Inbound,NB,WB
118,255,940GZZLUHGD,940GZZLUUXB,Hillingdon,Uxbridge,7,Metropolitan,Inbound,NB,WB
109,171,940GZZLUHOH,940GZZLUNHA,Harrow-On-The-Hill,North Harrow,7,Metropolitan,Inbound,NB,NB
171,189,940GZZLUNHA,940GZZLUPNR,North Harrow,Pinner,7,Metropolitan,Inbound,NB,NB
189,177,940GZZLUPNR,940GZZLUNWH,Pinner,Northwood Hills,7,Metropolitan,Inbound,NB,NB
177,176,940GZZLUNWH,940GZZLUNOW,Northwood Hills,Northwood,7,Metropolitan,Inbound,NB,NB
176,159,940GZZLUNOW,940GZZLUMPK,Northwood,Moor Park,7,Metropolitan,Inbound,NB,NB
159,60,940GZZLUMPK,940GZZLUCXY,Moor Park,Croxley,7,Metropolitan,Inbound,NB,NB
60,264,940GZZLUCXY,940GZZLUWAF,Croxley,Watford,7,Metropolitan,Inbound,NB,NB
159,204,940GZZLUMPK,940GZZLURKW,Moor Park,Rickmansworth,7,Metropolitan,Inbound,NB,NB
204,52,940GZZLURKW,940GZZLUCYD,Rickmansworth,Chorleywood,7,Metropolitan,Inbound,NB,NB
52,45,940GZZLUCYD,940GZZLUCAL,Chorleywood,Chalfont & Latimer,7,Metropolitan,Inbound,NB,NB
45,49,940GZZLUCAL,940GZZLUCSM,Chalfont & Latimer,Chesham,7,Metropolitan,Inbound,NB,NB
45,6,940GZZLUCAL,940GZZLUAMS,Chalfont & Latimer,Amersham,7,Metropolitan,Inbound,NB,NB
13,263,940GZZLUBNK,940GZZLUWLO,Bank,Waterloo,11,Waterloo & City,Inbound,WB,WB
263,13,940GZZLUWLO,940GZZLUBNK,Waterloo,Bank,11,Waterloo & City,Outbound,EB,EB
104,95,940GZZLUHSC,940GZZLUGHK,Hammersmith,Goldhawk Road,5,Hammersmith & City,Outbound,EB,EB
142,139,940GZZLULRD,940GZZLULAD,Latimer Road,Ladbroke Grove,5,Hammersmith & City,Outbound,EB,EB
139,275,940GZZLULAD,940GZZLUWSP,Ladbroke Grove,Westbourne Park,5,Hammersmith & City,Outbound,EB,EB
275,208,940GZZLUWSP,940GZZLURYO,Westbourne Park,Royal Oak,5,Hammersmith & City,Outbound,EB,EB
208,184,940GZZLURYO,940GZZLUPAH,Royal Oak,Paddington,5,Hammersmith & City,Outbound,EB,EB
11,98,940GZZLUBST,940GZZLUGPS,Baker Street,Great Portland Street,5,Hammersmith & City,Outbound,EB,EB
98,84,940GZZLUGPS,940GZZLUESQ,Great Portland Street,Euston Square,5,Hammersmith & City,Outbound,EB,EB
86,14,940GZZLUFCN,940GZZLUBBN,Farringdon,Barbican,5,Hammersmith & City,Outbound,EB,EB
14,160,940GZZLUBBN,940GZZLUMGT,Barbican,Moorgate,5,Hammersmith & City,Outbound,EB,EB
160,148,940GZZLUMGT,940GZZLULVT,Moorgate,Liverpool Street,5,Hammersmith & City,Outbound,EB,EB
148,3,940GZZLULVT,940GZZLUADE,Liverpool Street,Aldgate East,5,Hammersmith & City,Outbound,EB,EB
3,279,940GZZLUADE,940GZZLUWPL,Aldgate East,Whitechapel,5,Hammersmith & City,Outbound,EB,EB
279,231,940GZZLUWPL,940GZZLUSGN,Whitechapel,Stepney Green,5,Hammersmith & City,Outbound,EB,EB
231,156,940GZZLUSGN,940GZZLUMED,Stepney Green,Mile End,5,Hammersmith & City,Outbound,EB,EB
156,32,940GZZLUMED,940GZZLUBWR,Mile End,Bow Road,5,Hammersmith & City,Outbound,EB,EB
32,35,940GZZLUBWR,940GZZLUBBB,Bow Road,Bromley-By-Bow,5,Hammersmith & City,Outbound,EB,EB
35,270,940GZZLUBBB,940GZZLUWHM,Bromley-By-Bow,West Ham,5,Hammersmith & City,Outbound,EB,EB
270,190,940GZZLUWHM,940GZZLUPLW,West Ham,Plaistow,5,Hammersmith & City,Outbound,EB,EB
190,254,940GZZLUPLW,940GZZLUUPK,Plaistow,Upton Park,5,Hammersmith & City,Outbound,EB,EB
254,73,940GZZLUUPK,940GZZLUEHM,Upton Park,East Ham,5,Hammersmith & City,Outbound,EB,EB
73,15,940GZZLUEHM,940GZZLUBKG,East Ham,Barking,5,Hammersmith & City,Outbound,EB,EB
15,73,940GZZLUBKG,940GZZLUEHM,Barking,East Ham,5,Hammersmith & City,Inbound,WB,WB
73,254,940GZZLUEHM,940GZZLUUPK,East Ham,Upton Park,5,Hammersmith & City,Inbound,WB,WB
254,190,940GZZLUUPK,940GZZLUPLW,Upton Park,Plaistow,5,Hammersmith & City,Inbound,WB,WB
190,270,940GZZLUPLW,940GZZLUWHM,Plaistow,West Ham,5,Hammersmith & City,Inbound,WB,WB
270,35,940GZZLUWHM,940GZZLUBBB,West Ham,Bromley-By-Bow,5,Hammersmith & City,Inbound,WB,WB
35,32,940GZZLUBBB,940GZZLUBWR,Bromley-By-Bow,Bow Road,5,Hammersmith & City,Inbound,WB,WB
32,156,940GZZLUBWR,940GZZLUMED,Bow Road,Mile End,5,Hammersmith & City,Inbound,WB,WB
156,231,940GZZLUMED,940GZZLUSGN,Mile End,Stepney Green,5,Hammersmith & City,Inbound,WB,WB
231,279,940GZZLUSGN,940GZZLUWPL,Stepney Green,Whitechapel,5,Hammersmith & City,Inbound,WB,WB
279,3,940GZZLUWPL,940GZZLUADE,Whitechapel,Aldgate East,5,Hammersmith & City,Inbound,WB,WB
3,148,940GZZLUADE,940GZZLULVT,Aldgate East,Liverpool Street,5,Hammersmith & City,Inbound,WB,WB
148,160,940GZZLULVT,940GZZLUMGT,Liverpool Street,Moorgate,5,Hammersmith & City,Inbound,WB,WB
160,14,940GZZLUMGT,940GZZLUBBN,Moorgate,Barbican,5,Hammersmith & City,Inbound,WB,WB
14,86,940GZZLUBBN,940GZZLUFCN,Barbican,Farringdon,5,Hammersmith & City,Inbound,WB,WB
84,98,940GZZLUESQ,940GZZLUGPS,Euston Square,Great Portland Street,5,Hammersmith & City,Inbound,WB,WB
98,11,940GZZLUGPS,940GZZLUBST,Great Portland Street,Baker Street,5,Hammersmith & City,Inbound,WB,WB
184,208,940GZZLUPAH,940GZZLURYO,Paddington,Royal Oak,5,Hammersmith & City,Inbound,WB,WB
208,275,940GZZLURYO,940GZZLUWSP,Royal Oak,Westbourne Park,5,Hammersmith & City,Inbound,WB,WB
275,139,940GZZLUWSP,940GZZLULAD,Westbourne Park,Ladbroke Grove,5,Hammersmith & City,Inbound,WB,WB
139,142,940GZZLULAD,940GZZLULRD,Ladbroke Grove,Latimer Road,5,Hammersmith & City,Inbound,WB,WB
95,104,940GZZLUGHK,940GZZLUHSC,Goldhawk Road,Hammersmith,5,Hammersmith & City,Inbound,WB,WB
104,95,940GZZLUHSC,940GZZLUGHK,Hammersmith,Goldhawk Road,3,Circle,Outbound,EB,EB
142,139,940GZZLULRD,940GZZLULAD,Latimer Road,Ladbroke Grove,3,Circle,Outbound,EB,EB
139,275,940GZZLULAD,940GZZLUWSP,Ladbroke Grove,Westbourne Park,3,Circle,Outbound,Eb,EB
275,208,940GZZLUWSP,940GZZLURYO,Westbourne Park,Royal Oak,3,Circle,Outbound,EB,EB
208,184,940GZZLURYO,940GZZLUPAH,Royal Oak,Paddington,3,Circle,Outbound,EB,EB
11,98,940GZZLUBST,940GZZLUGPS,Baker Street,Great Portland Street,3,Circle,Outbound,OR,EB
98,84,940GZZLUGPS,940GZZLUESQ,Great Portland Street,Euston Square,3,Circle,Outbound,OR,EB
86,14,940GZZLUFCN,940GZZLUBBN,Farringdon,Barbican,3,Circle,Outbound,OR,EB
14,160,940GZZLUBBN,940GZZLUMGT,Barbican,Moorgate,3,Circle,Outbound,OR,EB
160,148,940GZZLUMGT,940GZZLULVT,Moorgate,Liverpool Street,3,Circle,Outbound,OR,EB
148,2,940GZZLULVT,940GZZLUALD,Liverpool Street,Aldgate,3,Circle,Outbound,OR,EB
2,247,940GZZLUALD,940GZZLUTWH,Aldgate,Tower Hill,3,Circle,Outbound,OR,SB
247,158,940GZZLUTWH,940GZZLUMMT,Tower Hill,Monument,3,Circle,Outbound,OR,WB
158,43,940GZZLUMMT,940GZZLUCST,Monument,Cannon Street,3,Circle,Outbound,OR,WB
43,153,940GZZLUCST,940GZZLUMSH,Cannon Street,Mansion House,3,Circle,Outbound,OR,WB
153,24,940GZZLUMSH,940GZZLUBKF,Mansion House,Blackfriars,3,Circle,Outbound,OR,WB
24,239,940GZZLUBKF,940GZZLUTMP,Blackfriars,Temple,3,Circle,Outbound,OR,WB
239,81,940GZZLUTMP,940GZZLUEMB,Temple,Embankment,3,Circle,Outbound,OR,WB
81,277,940GZZLUEMB,940GZZLUWSM,Embankment,Westminster,3,Circle,Outbound,OR,WB
257,216,940GZZLUVIC,940GZZLUSSQ,Victoria,Sloane Square,3,Circle,Outbound,OR,WB
216,220,940GZZLUSSQ,940GZZLUSKS,Sloane Square,South Kensington,3,Circle,Outbound,OR,WB
220,93,940GZZLUSKS,940GZZLUGTR,South Kensington,Gloucester Road,3,Circle,Outbound,OR,WB
93,115,940GZZLUGTR,940GZZLUHSK,Gloucester Road,High Street Kensington,3,Circle,Outbound,OR,WB
115,178,940GZZLUHSK,940GZZLUNHG,High Street Kensington,Notting Hill Gate,3,Circle,Outbound,OR,WB
178,18,940GZZLUNHG,940GZZLUBWT,Notting Hill Gate,Bayswater,3,Circle,Outbound,OR,WB
18,184,940GZZLUBWT,940GZZLUPAH,Bayswater,Paddington,3,Circle,Outbound,OR,WB
184,18,940GZZLUPAC,940GZZLUBWT,Paddington,Bayswater,3,Circle,Inbound,IR,WB
18,178,940GZZLUBWT,940GZZLUNHG,Bayswater,Notting Hill Gate,3,Circle,Inbound,IR,EB
178,115,940GZZLUNHG,940GZZLUHSK,Notting Hill Gate,High Street Kensington,3,Circle,Inbound,IR,EB
115,93,940GZZLUHSK,940GZZLUGTR,High Street Kensington,Gloucester Road,3,Circle,Inbound,IR,EB
93,220,940GZZLUGTR,940GZZLUSKS,Gloucester Road,South Kensington,3,Circle,Inbound,IR,EB
220,216,940GZZLUSKS,940GZZLUSSQ,South Kensington,Sloane Square,3,Circle,Inbound,IR,EB
216,257,940GZZLUSSQ,940GZZLUVIC,Sloane Square,Victoria,3,Circle,Inbound,IR,EB
277,81,940GZZLUWSM,940GZZLUEMB,Westminster,Embankment,3,Circle,Inbound,IR,EB
81,239,940GZZLUEMB,940GZZLUTMP,Embankment,Temple,3,Circle,Inbound,IR,EB
239,24,940GZZLUTMP,940GZZLUBKF,Temple,Blackfriars,3,Circle,Inbound,IR,EB
24,153,940GZZLUBKF,940GZZLUMSH,Blackfriars,Mansion House,3,Circle,Inbound,IR,EB
153,43,940GZZLUMSH,940GZZLUCST,Mansion House,Cannon Street,3,Circle,Inbound,IR,EB
43,158,940GZZLUCST,940GZZLUMMT,Cannon Street,Monument,3,Circle,Inbound,IR,EB
158,247,940GZZLUMMT,940GZZLUTWH,Monument,Tower Hill,3,Circle,Inbound,IR,EB
247,2,940GZZLUTWH,940GZZLUALD,Tower Hill,Aldgate,3,Circle,Inbound,IR,EB
2,148,940GZZLUALD,940GZZLULVT,Aldgate,Liverpool Street,3,Circle,Inbound,IR,NB
148,160,940GZZLULVT,940GZZLUMGT,Liverpool Street,Moorgate,3,Circle,Inbound,IR,WB
160,14,940GZZLUMGT,940GZZLUBBN,Moorgate,Barbican,3,Circle,Inbound,IR,WB
14,86,940GZZLUBBN,940GZZLUFCN,Barbican,Farringdon,3,Circle,Inbound,IR,WB
84,98,940GZZLUESQ,940GZZLUGPS,Euston Square,Great Portland Street,3,Circle,Inbound,IR,WB
98,11,940GZZLUGPS,940GZZLUBST,Great Portland Street,Baker Street,3,Circle,Inbound,IR,WB
208,275,940GZZLURYO,940GZZLUWSP,Royal Oak,Westbourne Park,3,Circle,Inbound,WB,WB
275,139,940GZZLUWSP,940GZZLULAD,Westbourne Park,Ladbroke Grove,3,Circle,Inbound,WB,WB
139,142,940GZZLULAD,940GZZLULRD,Ladbroke Grove,Latimer Road,3,Circle,Inbound,WB,WB
95,104,940GZZLUGHK,940GZZLUHSC,Goldhawk Road,Hammersmith,3,Circle,Inbound,WB,WB
